pose,rpms,rpy,vel,ang_vel
"[0.0, -2.0, 1.00, 0.0, 0.0, 0.0, 1.0]","[14468.5, 14468.5, 14468.5, 14468.5]","[0.0, 0.0, 0.0]","[0, 0, 0]","[0, 0, 0]"
"[0.493, -0.892, 0.967, -0.511, -0.172, 0.182, 0.821]","[14468.5, 14468.5, 14468.5, 14468.5]","[38.78, 4.934012241450557, -1.5333450014417203]","[0, 0, 0]","[0, 0, 0]"
"[0.904, -1.433, 0.187, 0.901, -0.124, -0.360, -0.163]","[14468.5, 14468.5, 14468.5, 14468.5]","[-53.16, -53.337431913370075, 13.721005442825474]","[0, 0, 0]","[0, 0, 0]"
"[0.858, -0.261, 1.154, 0.722, 0.392, -0.546, 0.161]","[14468.5, 14468.5, 14468.5, 14468.5]","[55.85, 15.620003667646488, -7.094251658582724]","[0, 0, 0]","[0, 0, 0]"
"[1.524, 0.112, 0.953, 0.073, -0.137, 0.530, 0.833]","[14468.5, 14468.5, 14468.5, 14468.5]","[-25.61, 3.717947348832321, 0.8414959615046113]","[0, 0, 0]","[0, 0, 0]"
